number,id,t1,t1_files,fmap,fmap_files,func,func_files
0,sub-NDARAA948VFH,yes,1,yes,2,yes,7
1,sub-NDARAB977GFB,yes,3,yes,2,yes,6
2,sub-NDARAC331VEH,yes,3,yes,2,yes,6
3,sub-NDARAC350BZ0,yes,3,yes,2,yes,7
4,sub-NDARAC853DTE,yes,1,yes,2,yes,7
5,sub-NDARAC904DMU,yes,1,yes,1,yes,7
6,sub-NDARAD232HVV,yes,1,yes,2,yes,7
7,sub-NDARAE012DGA,yes,1,yes,1,yes,6
8,sub-NDARAE358VBE,yes,1,yes,2,yes,7
9,sub-NDARAF440XWG,yes,1,yes,2,yes,6
10,sub-NDARAG191AE8,yes,3,yes,2,yes,7
11,sub-NDARAG340ERT,yes,1,yes,2,yes,7
12,sub-NDARAH503YG1,yes,1,yes,2,yes,7
13,sub-NDARAK019ZR6,yes,3,yes,2,yes,6
14,sub-NDARAL828WXM,yes,6,yes,2,yes,6
15,sub-NDARAM848GTE,yes,1,yes,2,yes,7
16,sub-NDARAM873GAC,yes,2,yes,2,yes,5
17,sub-NDARAN814UPR,yes,1,yes,1,yes,6
18,sub-NDARAN934AZL,yes,3,yes,2,yes,4
19,sub-NDARAP049KXJ,yes,3,yes,2,yes,6
20,sub-NDARAP176AD1,yes,1,yes,1,yes,7
21,sub-NDARAP522AFK,yes,1,yes,2,yes,7
22,sub-NDARAP739AUP,yes,3,yes,2,yes,4
23,sub-NDARAV519RND,yes,2,yes,2,yes,7
24,sub-NDARAV610EY3,yes,1,yes,2,yes,7
25,sub-NDARAV925BP3,yes,3,yes,2,yes,4
26,sub-NDARAW179AYF,yes,1,yes,2,yes,7
27,sub-NDARAW216PM7,yes,3,yes,2,yes,6
28,sub-NDARAX272ZJL,yes,1,yes,2,yes,7
29,sub-NDARAX283MAK,yes,1,yes,2,yes,7
