participant_id,html
sub-NDARAA948VFH,yes
sub-NDARAB977GFB,yes
sub-NDARAC331VEH,yes
sub-NDARAC350BZ0,yes
sub-NDARAC853DTE,yes
sub-NDARAC904DMU,yes
sub-NDARAD232HVV,yes
sub-NDARAE012DGA,yes
sub-NDARAE358VBE,yes
sub-NDARAF440XWG,yes
sub-NDARAG191AE8,yes
sub-NDARAG340ERT,yes
sub-NDARAH503YG1,yes
sub-NDARAK019ZR6,yes
sub-NDARAL828WXM,yes
sub-NDARAM848GTE,yes
sub-NDARAM873GAC,yes
sub-NDARAN814UPR,yes
sub-NDARAN934AZL,yes
sub-NDARAP049KXJ,yes
sub-NDARAP176AD1,yes
sub-NDARAP522AFK,yes
sub-NDARAP739AUP,yes
sub-NDARAV519RND,yes
sub-NDARAV610EY3,yes
sub-NDARAV925BP3,yes
sub-NDARAW179AYF,yes
sub-NDARAW216PM7,yes
sub-NDARAX272ZJL,yes
sub-NDARAX283MAK,yes
