p_id,size_kb,file_name,status
NDARA2179AYF,3.482,fmriprep_20.2.6.participant.4497845_27.out,not started
NDARAA948VFH,643.81,fmriprep_20.2.6.participant.4497845_1.out,likely complete
NDARAB977GFB,586.896,fmriprep_20.2.6.participant.4497845_2.out,likely complete
NDARAC331VEH,574.556,fmriprep_20.2.6.participant.4497845_3.out,likely complete
NDARAC350BZ0,669.746,fmriprep_20.2.6.participant.4497845_4.out,likely complete
NDARAC853DTE,677.366,fmriprep_20.2.6.participant.4818023_1.out,likely complete
NDARAC904DMU,663.557,fmriprep_20.2.6.participant.4866135_1.out,likely complete
NDARAD232HVV,657.641,fmriprep_20.2.6.participant.4497845_7.out,likely complete
NDARAE012DGA,557.649,fmriprep_20.2.6.participant.4497845_8.out,likely complete
NDARAE358VBE,657.187,fmriprep_20.2.6.participant.4497845_9.out,likely complete
NDARAF440XWG,596.47,fmriprep_20.2.6.participant.4818023_3.out,likely complete
NDARAG191AE8,689.54,fmriprep_20.2.6.participant.4497845_11.out,likely complete
NDARAG340ERT,654.398,fmriprep_20.2.6.participant.4497845_12.out,likely complete
NDARAH503YG1,648.711,fmriprep_20.2.6.participant.4497845_13.out,likely complete
NDARAK019ZR6,604.324,fmriprep_20.2.6.participant.4497845_14.out,likely complete
NDARAL828WXM,575.01,fmriprep_20.2.6.participant.4497845_15.out,likely complete
NDARAM848GTE,671.657,fmriprep_20.2.6.participant.4866135_2.out,likely complete
NDARAM873GAC,257.397,fmriprep_20.2.6.participant.4916780_1.out,partial/error
NDARAN814UPR,556.699,fmriprep_20.2.6.participant.4818023_6.out,likely complete
NDARAN934AZL,420.812,fmriprep_20.2.6.participant.4497845_19.out,likely complete
NDARAP049KXJ,595.655,fmriprep_20.2.6.participant.4497845_20.out,likely complete
NDARAP176AD1,639.606,fmriprep_20.2.6.participant.4497845_21.out,likely complete
NDARAP522AFK,669.626,fmriprep_20.2.6.participant.4818023_7.out,likely complete
NDARAP739AUP,428.396,fmriprep_20.2.6.participant.4818023_8.out,likely complete
NDARAV519RND,324.081,fmriprep_20.2.6.participant.4916780_2.out,partial/error
NDARAV610EY3,654.555,fmriprep_20.2.6.participant.4497845_25.out,likely complete
NDARAV925BP3,423.242,fmriprep_20.2.6.participant.4497845_26.out,likely complete
NDARAW179AYF,669.229,fmriprep_20.2.6.participant.4786815_1.out,likely complete
NDARAW216PM7,593.245,fmriprep_20.2.6.participant.4497845_28.out,likely complete
NDARAX272ZJL,641.091,fmriprep_20.2.6.participant.4497845_29.out,likely complete
NDARAX283MAK,656.064,fmriprep_20.2.6.participant.4497845_30.out,likely complete
